Age,Income,LoanAmount,CreditHistory,EmploymentStatus,NumCreditCards,DefaultedBefore,Creditworthy
56,125186,19546,0,1,0,1,0
69,54674,20129,1,1,0,1,0
46,55854,2591,0,1,1,1,0
32,66271,12303,1,0,5,1,0
60,93688,31561,1,0,1,1,0
25,58518,7183,1,1,4,0,1
38,131076,27572,0,1,0,1,0
56,30267,35080,0,1,5,1,0
36,110825,21695,1,1,5,1,0
40,21062,8314,1,1,2,1,0
28,136664,20623,1,1,4,1,0
28,70448,3139,1,1,5,1,0
41,115462,48456,0,1,0,1,0
53,26229,32290,1,0,0,1,0
57,76793,19088,1,1,5,1,0
41,134813,40692,0,0,1,1,0
20,67915,34130,1,1,4,1,0
39,24632,33088,1,1,0,1,0
19,124592,27292,1,0,5,1,0
41,23596,47249,1,1,0,1,0
61,129779,21670,1,1,5,1,0
47,26168,4738,1,1,4,1,0
55,128099,3469,0,1,5,0,0
19,27561,23534,1,0,2,1,0
38,93794,49874,1,1,5,1,0
50,102152,10017,0,1,5,1,0
29,145036,3808,1,1,4,0,1
39,144049,48638,1,1,5,1,0
61,46734,13713,1,1,4,1,0
42,26371,41329,1,1,2,1,0
66,138894,3719,1,1,4,1,0
44,46069,23890,0,1,0,0,0
59,99905,12700,0,1,4,1,0
45,32910,37509,0,1,2,1,0
33,93479,43534,1,1,3,1,0
32,97735,37766,1,1,5,1,0
64,101264,27705,0,1,4,1,0
68,43275,19787,1,1,5,1,0
61,92274,49845,1,0,1,0,0
69,101449,27588,1,1,0,1,0
20,120776,27123,1,0,0,1,0
54,80004,34062,0,1,1,1,0
68,82981,11177,1,1,1,1,0
24,104659,22727,1,0,4,1,0
38,74553,31220,1,0,1,1,0
26,68447,10882,1,0,3,1,0
56,54529,2136,1,1,5,1,0
35,146394,35832,1,1,5,1,0
21,95703,32966,0,1,2,1,0
42,96090,8009,1,1,1,1,0
31,37260,13987,1,1,1,1,0
67,132581,38311,1,1,3,1,0
26,23812,32575,0,1,0,1,0
43,48024,2007,0,1,0,1,0
19,78656,6445,0,1,5,1,0
37,136148,11706,1,1,5,1,0
45,47285,48517,1,1,4,1,0
64,112436,45486,0,1,3,0,0
24,136421,30257,1,1,2,0,0
61,21605,22736,1,1,2,1,0
25,91158,43207,1,1,3,1,0
64,92303,14281,1,1,2,1,0
52,47139,2435,1,1,0,1,0
31,97149,34339,1,1,2,1,0
34,76138,36150,0,1,2,1,0
53,138205,26821,1,0,3,0,0
67,96125,27660,1,1,3,1,0
57,33918,6084,1,1,2,1,0
21,105655,17661,1,1,1,1,0
19,47446,14507,1,0,3,1,0
23,144040,8059,0,0,4,0,0
59,33046,19271,1,1,4,1,0
21,149922,46539,0,1,0,1,0
46,44818,8491,0,1,2,1,0
35,120894,48295,1,1,1,1,0
43,135751,15859,1,1,0,1,0
61,24324,9073,0,1,2,1,0
51,96323,10077,1,1,3,1,0
27,29111,21953,1,1,4,1,0
53,58110,12383,0,1,5,1,0
31,36389,3353,1,0,1,1,0
48,142177,24821,1,1,5,1,0
65,61427,38567,1,1,4,0,0
32,99579,25860,0,1,5,1,0
25,48746,22195,1,1,3,1,0
31,142883,12939,1,0,2,1,0
40,107886,26338,1,0,3,1,0
57,127141,22730,0,1,5,1,0
38,20117,22427,1,0,3,1,0
33,145808,36196,0,1,4,1,0
62,132221,28083,1,1,1,1,0
35,104471,22510,0,0,3,1,0
64,132613,45064,1,1,4,1,0
41,33234,8813,1,1,1,1,0
43,149597,32598,1,1,2,1,0
42,123864,48182,0,1,5,1,0
62,73441,28570,1,1,2,1,0
58,20846,28082,1,0,0,1,0
46,30954,30241,1,1,4,1,0
32,99239,31678,1,1,1,1,0
62,133689,45569,1,1,3,1,0
18,66514,12745,1,1,2,1,0
42,108236,27029,1,1,1,1,0
24,117579,14025,1,1,4,1,0
26,148644,37124,1,1,0,1,0
41,26469,15288,1,1,2,1,0
18,50105,24650,1,1,5,1,0
61,62101,7540,0,1,1,1,0
25,84323,33232,1,1,5,1,0
41,111922,17422,1,0,1,1,0
28,78067,4342,1,1,1,1,0
68,69376,42846,0,1,4,1,0
34,65587,36612,1,1,4,1,0
25,56976,11396,1,1,4,1,0
52,124587,18482,1,1,3,1,0
52,147534,24411,0,1,1,1,0
50,87584,47766,1,1,2,1,0
22,124537,14261,1,1,5,1,0
59,98477,4093,1,0,4,1,0
56,130911,12722,1,1,4,1,0
58,62533,23042,1,1,5,1,0
45,21828,45413,1,0,5,1,0
24,21917,48851,0,1,1,1,0
26,40618,29087,1,1,4,1,0
25,52254,33347,1,1,5,1,0
29,125292,34756,0,0,3,1,0
51,136714,40214,0,1,3,1,0
50,67362,17335,1,1,4,1,0
65,40128,29602,1,1,5,1,0
40,143781,49901,1,1,1,1,0
41,131281,35450,1,1,1,0,0
54,79383,33196,1,0,1,1,0
52,85545,6626,1,1,0,1,0
61,102180,8424,0,1,4,1,0
57,107958,13857,1,1,1,1,0
39,29865,45923,1,1,3,1,0
44,22219,20982,0,1,5,1,0
52,59809,12425,0,1,2,1,0
18,136748,2980,1,1,2,1,0
52,25287,49290,1,1,1,1,0
54,146593,27431,1,1,2,1,0
64,54387,20440,1,1,2,1,0
31,28512,42752,1,1,0,1,0
20,21342,18175,1,1,3,1,0
18,83076,49651,1,1,3,1,0
22,128872,27385,1,1,0,1,0
43,39216,39158,0,0,0,1,0
31,137512,24019,1,1,2,1,0
56,136682,19639,1,1,4,1,0
44,113070,20994,1,1,5,1,0
26,99767,35375,1,1,5,1,0
32,117829,22563,1,1,2,1,0
32,46614,40341,0,1,5,1,0
43,56258,6776,1,1,0,1,0
59,113789,37444,1,1,3,1,0
30,62078,4380,0,1,5,1,0
68,126288,9711,0,1,2,1,0
49,103524,9782,1,0,4,1,0
56,116573,18434,0,1,2,1,0
66,32219,47765,1,1,1,1,0
69,20235,21017,0,1,2,1,0
49,62929,31707,1,0,0,1,0
21,147309,40110,0,1,3,1,0
47,87444,18343,1,0,3,1,0
54,28567,39827,1,1,5,1,0
40,121834,42652,1,1,0,1,0
56,90792,6655,0,1,1,1,0
62,85441,45859,1,1,0,1,0
32,104555,16251,1,1,2,1,0
60,93698,1526,1,1,0,0,1
46,144450,4224,0,1,0,1,0
53,137248,48837,0,1,1,1,0
30,25415,12536,1,0,2,1,0
49,56159,29541,1,1,4,1,0
24,63925,14547,1,1,4,1,0
68,146523,35531,1,1,3,1,0
39,25951,9712,1,0,5,1,0
45,107388,39565,0,1,0,1,0
19,28007,10208,1,1,3,1,0
59,146730,6109,0,1,1,1,0
62,61832,36201,1,0,4,1,0
23,78596,17967,1,1,0,1,0
45,141101,30759,1,0,1,1,0
45,50523,21172,0,1,5,1,0
61,108861,37935,0,1,1,1,0
61,144194,27589,0,1,0,1,0
37,106740,31015,0,1,5,1,0
47,35524,30009,0,1,1,1,0
28,149028,18773,1,1,5,1,0
45,39282,42125,0,1,0,1,0
42,43930,27143,0,1,0,1,0
56,20077,7154,1,1,5,1,0
50,125881,22804,1,1,2,1,0
18,145501,42688,1,0,3,1,0
44,40611,21581,0,1,1,1,0
69,36984,31087,1,0,1,0,0
30,34060,33981,0,1,2,1,0
58,102985,4762,0,1,2,1,0
20,104056,47167,1,1,2,1,0
56,145329,10768,0,1,4,1,0
23,63303,44408,1,1,4,1,0
25,79207,40499,1,1,5,1,0
44,95046,39559,1,1,4,1,0
26,49287,49590,1,1,0,1,0
54,113709,9783,0,0,5,1,0
50,59711,47389,1,1,1,1,0
68,31954,30781,1,1,3,0,0
59,93340,31811,1,1,0,1,0
61,92101,49787,1,1,1,1,0
41,91520,36488,0,1,1,1,0
32,107062,9905,1,0,5,1,0
49,122974,10127,0,1,2,1,0
49,38574,23431,1,1,2,1,0
41,29184,7368,1,1,0,1,0
58,39096,28424,0,1,2,1,0
69,87728,47824,1,1,1,1,0
66,54016,46004,0,0,2,1,0
66,31246,19333,1,1,4,1,0
69,65558,24116,1,1,2,1,0
29,138721,48219,1,0,1,1,0
56,38381,44201,1,1,5,0,0
19,147796,16525,1,1,0,1,0
20,56455,24398,0,1,3,1,0
66,112263,33857,0,1,2,1,0
54,24018,11361,0,0,1,1,0
66,31302,17369,0,1,3,1,0
34,87506,4041,1,0,3,1,0
66,61157,1105,1,1,4,1,0
19,74917,10078,1,0,3,1,0
19,112738,26003,0,1,5,1,0
45,116646,7090,1,1,1,1,0
40,103122,39850,1,1,1,1,0
54,44519,2925,0,1,2,1,0
49,116809,19440,1,1,2,1,0
50,107487,40685,1,1,2,1,0
18,76819,27015,0,1,5,1,0
36,100910,34320,1,1,3,1,0
19,140430,26291,1,1,3,1,0
61,91324,37679,0,1,4,1,0
43,25408,27289,1,1,5,1,0
49,79379,4389,1,1,2,0,1
23,45053,26683,1,1,0,1,0
49,29446,14629,1,1,4,1,0
21,20922,25826,1,0,0,1,0
28,118723,36198,1,0,3,0,0
34,71356,27630,1,1,4,1,0
55,30789,34226,0,1,4,1,0
41,117720,47163,1,0,1,1,0
22,86656,33975,1,1,3,1,0
69,64028,1899,1,1,3,1,0
51,84484,12653,0,1,5,0,0
23,52154,28961,1,1,4,1,0
39,102870,17405,0,0,3,1,0
28,22336,9601,0,1,4,1,0
65,123677,34662,0,1,5,1,0
33,87779,34282,1,1,5,1,0
50,39029,22288,1,1,1,1,0
26,79201,30545,1,1,4,1,0
23,52265,37877,0,1,3,1,0
33,122916,47026,1,1,3,1,0
46,132250,16313,1,1,4,1,0
20,136553,16349,1,1,4,0,1
37,63872,8179,0,1,4,1,0
53,66197,11326,1,0,2,1,0
36,145733,45555,1,0,3,0,0
43,75180,2560,1,1,5,1,0
20,43710,14612,0,1,3,0,0
36,49486,18650,0,1,2,1,0
37,91907,27745,1,1,4,1,0
49,148876,32890,1,1,1,1,0
24,91895,21022,1,1,4,1,0
69,84435,5780,1,1,4,1,0
58,60631,19311,0,1,2,1,0
50,149038,29380,1,0,3,1,0
57,121532,45662,1,1,4,1,0
56,40103,3356,1,1,3,0,1
35,84772,5790,1,1,0,1,0
57,146108,27911,1,1,5,1,0
18,34382,25363,0,1,3,1,0
28,104291,21049,1,1,1,1,0
45,121195,11181,0,0,5,1,0
42,23756,40825,1,1,1,1,0
67,40609,17082,1,1,4,1,0
40,134074,1661,1,0,5,1,0
48,36478,38412,1,0,3,1,0
47,120978,49479,1,1,5,1,0
59,59666,3920,1,0,4,0,0
52,95683,26658,1,1,2,1,0
24,119097,49770,0,1,1,1,0
33,144714,15025,1,1,4,0,1
43,120420,9946,1,1,2,1,0
65,91315,29706,1,1,5,1,0
69,97834,46500,1,1,5,1,0
66,146205,40004,1,0,4,1,0
19,34153,17309,0,1,3,1,0
18,129415,47286,1,1,5,0,0
65,96325,34120,0,1,3,1,0
29,129701,31027,0,1,3,1,0
22,32999,8005,0,1,3,1,0
54,75318,47804,1,0,0,0,0
49,20814,1956,1,0,2,1,0
26,135033,35839,0,1,2,1,0
58,96077,9595,1,1,5,1,0
52,110474,48908,1,0,5,1,0
36,22443,13803,0,1,3,1,0
65,95993,26963,1,1,0,1,0
33,95916,37221,1,1,3,1,0
20,93319,40443,1,1,0,1,0
37,145885,34723,1,0,3,1,0
41,129777,40063,1,1,1,1,0
50,37368,49689,1,1,1,1,0
41,35328,16282,1,1,4,0,0
69,76942,5703,1,1,3,1,0
28,111751,7563,0,0,5,1,0
66,119131,26849,1,1,2,1,0
25,47306,32860,1,1,4,1,0
53,105451,32585,0,1,5,1,0
55,59915,23015,0,1,1,1,0
57,57219,13003,1,1,3,1,0
37,100879,44585,1,1,4,1,0
52,131939,27958,1,1,3,0,1
65,84644,27017,1,1,1,1,0
42,80279,12171,0,1,4,1,0
52,73028,46350,1,1,1,1,0
42,124263,13201,0,1,0,1,0
46,20126,30426,1,0,1,0,0
35,72329,18778,1,1,3,1,0
63,47632,46241,1,1,2,1,0
35,127099,43229,1,1,1,1,0
19,85310,22116,1,1,5,1,0
52,129945,49364,1,1,2,1,0
33,75176,34297,1,1,0,0,0
58,139797,20342,1,1,4,1,0
53,106066,28490,1,1,4,1,0
50,125500,20975,1,1,2,1,0
21,146413,27723,1,1,4,1,0
50,64327,24279,1,1,1,1,0
31,88904,13765,0,1,2,1,0
38,23797,47678,1,1,3,1,0
65,67882,12561,1,1,1,1,0
37,33718,42899,0,1,1,1,0
25,54560,1525,0,1,1,1,0
24,96589,23861,0,1,3,1,0
20,42116,34142,1,0,0,1,0
34,56244,27916,1,1,5,1,0
50,121721,45965,1,1,4,1,0
65,21645,5648,1,1,2,1,0
29,67523,36133,1,0,0,1,0
68,144085,31523,1,1,2,1,0
39,137718,30052,1,1,4,1,0
39,39256,35414,1,0,3,1,0
63,121376,33781,1,1,1,1,0
47,120158,5599,1,1,1,1,0
55,73173,36046,0,0,3,1,0
55,57430,48064,1,1,0,0,0
62,59282,36923,1,1,0,1,0
68,139719,42089,1,1,2,1,0
25,83374,4814,0,1,3,0,0
44,88244,46893,0,0,0,1,0
44,31694,36984,1,0,3,1,0
51,76264,27616,0,0,4,1,0
38,95060,3113,1,0,1,1,0
47,117416,44006,0,1,1,0,0
50,77545,14760,1,1,1,1,0
45,138195,22927,1,1,3,1,0
64,59224,21939,1,1,3,1,0
50,122516,33419,1,0,2,1,0
22,117945,13588,0,1,1,1,0
65,33224,37142,0,1,2,1,0
36,60738,40198,1,1,1,1,0
21,45150,45738,1,1,2,1,0
52,83731,34397,1,1,2,1,0
66,69688,17653,1,1,4,1,0
34,119929,11831,1,1,2,1,0
61,128618,6724,1,1,3,1,0
45,93509,12083,1,1,2,1,0
47,28577,46917,0,1,1,1,0
46,28070,20816,1,1,2,1,0
63,146161,43240,1,1,0,1,0
23,28666,7276,1,1,5,1,0
52,77761,49403,0,1,1,1,0
58,141178,39663,1,1,0,0,0
54,56368,14994,1,1,1,1,0
41,26783,24499,1,1,3,1,0
46,131530,24040,1,0,5,1,0
66,61914,44320,1,1,5,1,0
63,90507,17959,1,1,3,1,0
48,147738,7099,0,1,5,1,0
52,99026,43267,1,0,3,1,0
50,135893,20576,0,1,0,1,0
69,131255,36946,1,1,4,1,0
38,130616,7116,1,1,1,1,0
49,87526,16563,0,1,3,1,0
40,90835,27788,1,1,1,1,0
50,65765,27928,0,1,0,1,0
20,39956,37336,1,1,4,1,0
35,107895,10847,1,0,0,1,0
42,66240,27155,1,1,5,1,0
59,141008,15135,0,0,1,1,0
48,57148,18774,1,1,4,1,0
20,114270,2742,1,1,5,1,0
57,147978,19309,1,0,4,1,0
63,24757,1619,1,0,5,1,0
41,39097,18658,0,0,0,1,0
67,30395,35707,1,1,3,1,0
49,36241,21337,0,1,1,1,0
64,123892,17001,1,1,2,1,0
39,47696,1968,1,0,2,0,0
40,135654,48614,0,0,0,1,0
19,90480,26892,0,0,1,1,0
44,66163,26619,0,0,1,0,0
59,39816,1281,1,1,0,1,0
19,69840,28420,1,1,1,1,0
43,122547,16360,1,1,3,1,0
34,72853,40030,0,0,0,0,0
57,44917,2058,0,1,3,1,0
50,116731,21677,1,1,1,1,0
26,41566,11724,0,1,0,0,0
60,95452,29404,1,1,1,1,0
65,82823,38946,1,0,0,0,0
56,141392,40748,1,1,1,1,0
46,40806,30856,1,1,3,1,0
59,95520,10200,1,1,3,1,0
43,21759,34997,0,1,1,1,0
52,146092,26611,0,1,0,1,0
67,61949,42235,0,1,2,1,0
42,112374,36057,1,1,3,1,0
41,22482,2239,0,1,3,1,0
30,44442,39138,1,1,5,1,0
24,53719,49938,1,1,2,1,0
53,78066,1125,1,1,1,1,0
62,113501,46272,1,0,0,1,0
37,22079,24857,0,1,5,1,0
18,22717,16398,1,1,1,1,0
25,79676,7638,1,1,4,1,0
63,47952,7570,0,1,3,1,0
33,106444,4249,0,1,4,1,0
31,62460,10110,1,0,3,1,0
29,110397,41363,1,1,3,1,0
68,92847,14605,1,0,4,1,0
40,113607,13115,1,1,4,1,0
32,109106,40062,1,0,1,1,0
45,38449,23911,1,1,5,1,0
51,53536,39525,1,1,5,0,0
19,84077,33556,1,1,4,1,0
49,58258,13595,1,1,1,1,0
40,68302,2969,1,1,5,1,0
39,145937,44753,1,1,1,1,0
68,48865,18275,1,1,1,1,0
42,26645,5470,1,0,3,1,0
39,139771,11225,1,1,5,1,0
39,58000,43324,1,0,5,1,0
66,46737,42974,1,1,3,1,0
69,31485,43759,1,1,4,1,0
59,58565,24196,0,1,3,1,0
23,45522,41287,1,1,5,1,0
32,139614,14669,0,1,5,1,0
60,85155,38380,1,0,4,1,0
54,75168,46141,1,1,3,1,0
50,72487,49320,1,1,0,1,0
25,149948,48414,1,1,0,1,0
61,32342,39006,1,1,4,1,0
61,60806,16577,1,1,3,1,0
22,68770,23473,1,1,3,1,0
56,98623,29625,1,1,1,1,0
21,123177,16504,0,1,5,1,0
23,119785,25089,0,1,2,1,0
62,95629,37487,1,0,4,1,0
49,140993,1302,1,1,2,1,0
69,72603,32463,0,1,2,1,0
47,146944,45912,0,1,4,0,0
64,132726,30259,0,0,3,1,0
52,101974,43823,1,1,4,1,0
57,125947,38208,1,1,2,1,0
69,46399,31659,1,1,5,1,0
33,148177,36840,0,1,5,1,0
30,105382,32890,1,0,5,1,0
67,101244,14598,0,1,3,1,0
59,129575,48055,0,1,0,1,0
47,135520,47733,1,1,4,1,0
36,130904,20508,0,1,5,1,0
34,96534,43287,0,0,4,1,0
36,75106,14380,0,1,5,1,0
45,132599,27984,0,0,3,1,0
43,50678,45633,0,1,0,1,0
54,96218,9125,1,1,0,1,0
43,83230,37059,1,1,5,1,0
40,134684,5033,1,1,3,1,0
26,94055,38873,1,1,1,1,0
29,76373,18087,0,1,4,1,0
18,51480,41901,1,1,4,1,0
18,105230,6704,1,1,2,1,0
64,88836,8848,0,1,3,1,0
51,92258,22592,1,0,2,1,0
49,59986,46743,0,1,5,1,0
65,44160,7924,1,1,2,1,0
42,105595,28208,1,1,0,1,0
57,121358,20614,1,1,4,0,1
62,99111,1488,1,1,2,0,1
18,84929,40882,1,0,0,1,0
33,93506,26923,1,1,3,1,0
56,54911,49508,0,1,2,1,0
22,107127,36941,0,1,5,1,0
39,51821,30165,1,0,5,1,0
46,95039,2667,1,1,5,1,0
20,80535,27213,1,1,4,1,0
29,133453,5114,1,1,2,1,0
43,104458,37321,1,0,3,1,0
33,32175,8761,1,1,2,1,0
68,139235,32116,1,1,4,1,0
54,74771,34768,1,1,0,1,0
39,126660,49406,1,1,4,1,0
46,147157,26426,1,1,5,1,0
31,141300,18772,0,1,0,0,0
45,106925,39218,1,0,5,1,0
22,133374,4712,0,1,1,1,0
64,86358,2367,0,1,4,1,0
66,37327,41957,0,1,4,1,0
47,67057,42781,1,0,3,1,0
63,26150,27200,1,0,2,1,0
69,24425,4726,0,1,0,1,0
22,143654,24616,1,1,0,1,0
29,36032,28723,1,1,3,1,0
33,22198,38574,1,1,3,1,0
43,80500,35958,0,1,2,0,0
43,73394,10108,1,1,5,1,0
65,40079,13178,1,1,2,1,0
38,56220,36643,0,1,4,1,0
56,61874,32324,0,1,5,1,0
53,33859,39360,1,0,1,1,0
50,70460,18824,1,1,2,1,0
47,51419,46360,1,1,3,1,0
54,138865,9927,1,1,5,1,0
40,28705,29144,1,1,2,1,0
27,62880,32010,1,1,0,1,0
22,149838,23443,0,1,1,0,0
53,43236,15437,1,1,4,1,0
51,107955,45298,1,1,0,1,0
69,105514,40778,1,1,0,1,0
48,123145,12207,1,1,1,1,0
27,35358,26537,1,0,4,1,0
36,119713,36757,0,0,3,1,0
49,114914,13040,1,1,5,1,0
18,122870,42986,0,1,4,1,0
22,96918,23612,1,1,2,1,0
62,139179,29441,0,1,0,1,0
21,136243,7471,0,1,2,0,0
33,34596,36631,1,1,3,1,0
41,53572,44461,0,1,2,1,0
33,98757,27523,1,1,4,1,0
19,21279,32348,1,1,2,1,0
66,83197,2177,0,1,3,1,0
45,131496,5760,0,1,3,1,0
49,82516,33779,1,1,3,1,0
44,27083,22636,1,0,4,1,0
37,140674,17353,1,1,3,1,0
41,140307,12556,1,1,0,1,0
29,146457,28598,1,1,3,1,0
67,129397,12563,1,1,2,1,0
52,37771,47819,1,1,5,1,0
50,49975,44790,1,1,2,1,0
50,65648,9234,0,1,5,1,0
68,145641,26519,1,1,2,1,0
60,68285,27966,1,0,4,1,0
54,39063,17173,1,0,2,1,0
29,87642,27987,1,1,4,1,0
20,110093,14178,1,1,4,1,0
18,134390,40338,1,1,3,1,0
50,106143,25596,1,0,0,1,0
57,57599,34174,1,1,5,1,0
27,71920,42974,1,0,3,1,0
60,48529,5431,1,1,3,1,0
61,55954,28764,1,1,4,0,1
46,47856,22627,1,1,4,1,0
30,22573,40310,1,0,5,1,0
29,98344,9906,1,1,2,1,0
48,55367,37914,1,1,2,1,0
63,122337,45814,0,1,3,1,0
19,126732,46379,1,1,1,1,0
68,119608,14076,0,1,1,1,0
67,80774,38650,1,1,2,1,0
52,43752,47881,1,1,1,1,0
40,75029,47413,0,1,2,1,0
34,37685,7012,0,1,4,1,0
43,71693,8151,1,1,3,0,1
25,136739,29211,1,1,0,1,0
46,75961,28117,1,0,3,1,0
43,126937,37378,0,0,2,1,0
27,144956,43652,1,1,2,0,0
43,96908,7894,1,1,3,1,0
51,145537,14467,1,1,5,1,0
68,146678,32010,1,1,2,1,0
58,94532,43641,1,1,1,0,0
24,101994,13289,0,1,1,1,0
21,76133,45976,1,1,2,1,0
67,117425,44596,1,0,2,1,0
62,145055,24171,1,1,5,1,0
28,81268,35905,0,0,1,1,0
46,112201,21829,1,0,2,1,0
53,58243,35054,0,1,2,0,0
42,77384,49478,1,1,5,1,0
38,51653,45139,1,1,5,1,0
53,46657,49713,1,1,3,1,0
27,59952,30734,0,1,5,1,0
54,42180,8052,0,1,0,1,0
26,117432,4654,1,0,1,1,0
41,141829,24486,0,1,3,0,0
52,148377,19743,0,1,0,1,0
66,98411,49368,1,1,2,1,0
52,21622,25489,1,0,2,0,0
65,68756,9636,0,1,3,0,0
53,60809,7441,1,1,5,1,0
35,36725,25611,0,1,2,1,0
66,81396,43435,1,1,4,0,0
56,71226,13149,1,1,3,1,0
49,126296,35566,1,1,0,1,0
41,101182,43368,1,1,3,1,0
40,102565,22675,1,1,1,1,0
49,49402,6495,1,1,5,0,1
54,24263,43668,0,1,5,1,0
29,143489,14673,1,1,3,1,0
66,116523,12130,1,1,2,1,0
30,66828,23668,1,1,2,1,0
40,140824,16222,1,1,4,1,0
42,67924,24669,1,1,4,1,0
52,94182,35068,0,1,5,1,0
58,113065,24253,1,1,4,0,1
47,79052,10435,1,1,0,1,0
34,31664,29552,1,1,4,1,0
66,55737,38384,1,1,0,1,0
37,121332,17393,1,1,4,1,0
65,109563,11617,1,1,5,1,0
42,49373,39520,0,1,5,1,0
39,137369,10852,0,1,0,1,0
30,56397,32401,0,1,3,1,0
36,148575,7295,1,0,5,1,0
66,106145,36993,0,1,3,1,0
53,121371,35084,1,1,2,1,0
29,58709,46105,1,1,0,1,0
58,136074,40575,1,1,5,1,0
36,81120,37451,1,1,1,1,0
29,39250,8227,0,0,2,0,0
26,41172,32910,1,1,3,1,0
24,31555,37041,1,1,5,1,0
45,107410,24384,1,1,0,1,0
31,98617,1145,1,1,4,1,0
48,73276,38778,1,1,1,1,0
69,77492,17035,1,0,3,1,0
36,73002,4040,1,1,2,1,0
64,140103,43422,1,1,0,1,0
33,144938,27160,1,0,1,1,0
22,109599,18633,0,1,0,0,0
52,92355,30344,1,1,5,0,0
29,111248,18014,0,1,4,1,0
42,44762,15996,1,1,2,1,0
69,31046,42621,1,0,0,1,0
38,116999,12695,0,0,3,0,0
53,144130,3852,1,1,5,1,0
40,136021,17014,1,1,5,1,0
33,48769,28042,1,1,2,1,0
56,73302,34755,1,1,5,1,0
62,43150,41390,1,1,3,1,0
59,88247,24711,0,1,0,1,0
56,24853,27122,1,1,2,1,0
31,114613,10160,0,1,5,1,0
48,140900,28213,1,1,5,1,0
22,109399,40420,0,0,3,1,0
52,41792,8421,1,1,4,1,0
40,79129,22400,1,1,4,1,0
46,126019,34537,0,1,5,1,0
60,94478,18727,1,1,0,1,0
28,133811,47882,1,1,2,1,0
35,134130,5358,1,1,5,1,0
64,87298,29482,1,0,1,1,0
29,51987,33117,1,0,2,1,0
26,35850,24164,1,1,4,1,0
27,32112,32910,0,0,5,1,0
61,141789,33496,0,1,3,1,0
34,44058,45311,1,1,1,1,0
55,65420,30371,1,1,5,1,0
24,58890,39467,1,1,0,0,0
63,86017,18625,1,1,1,1,0
30,67304,34893,1,1,5,1,0
57,52921,11793,1,1,0,1,0
59,125921,32007,1,0,1,1,0
26,21524,26766,1,1,0,1,0
67,120424,40532,1,1,0,1,0
44,35048,13323,1,1,1,1,0
19,55111,46799,1,1,1,1,0
22,57904,47820,1,0,0,1,0
46,74912,46408,0,1,4,1,0
54,54008,8843,0,1,1,0,0
55,20060,15210,1,1,5,0,0
36,94666,17456,1,1,2,1,0
25,103559,32367,1,1,3,1,0
65,75337,11106,1,0,0,1,0
62,130616,38957,0,1,0,0,0
18,33350,3472,1,0,3,1,0
39,44354,7704,1,1,4,1,0
69,65186,4713,1,1,3,1,0
34,48145,6051,1,1,1,1,0
24,54020,11756,1,1,3,1,0
42,106123,3475,0,0,0,1,0
62,126667,37378,1,1,3,1,0
21,95186,5255,1,0,2,1,0
53,105469,15484,1,1,5,1,0
23,40581,35503,1,1,1,1,0
48,108929,9258,0,1,3,1,0
36,43051,41747,0,1,0,1,0
61,71474,36196,1,0,5,1,0
56,111748,46113,1,0,1,1,0
44,145995,41194,0,0,0,1,0
27,134618,9533,0,1,4,1,0
43,89626,33581,1,1,2,1,0
36,26960,6249,0,1,4,1,0
56,55772,20201,1,1,2,1,0
20,41520,10686,1,1,3,0,1
62,69481,47877,1,1,1,1,0
30,56408,33007,0,1,3,1,0
67,114006,1661,0,1,2,1,0
45,148496,45843,1,1,2,1,0
37,77134,31137,1,0,2,1,0
45,40491,48556,1,1,5,1,0
25,21341,43828,0,1,0,1,0
58,64623,49604,1,1,1,1,0
56,110327,11526,1,0,3,1,0
18,20338,4374,1,1,3,1,0
20,91431,26592,1,1,4,1,0
30,32254,29982,1,0,2,1,0
45,71860,1207,1,1,2,1,0
66,31344,36433,0,1,2,1,0
42,21750,24197,1,0,3,1,0
50,74756,34400,0,0,4,1,0
55,87957,4083,1,1,0,1,0
23,125423,30328,1,1,5,1,0
61,78053,47479,0,1,1,1,0
62,90855,43891,1,1,0,1,0
49,35896,21103,0,0,3,1,0
62,75761,40891,1,1,5,0,0
64,82552,11754,1,1,5,1,0
38,140075,35447,0,0,5,1,0
33,97454,16901,1,1,2,1,0
38,146522,34004,1,1,1,1,0
28,138681,8446,0,1,3,1,0
54,110600,38211,0,0,3,0,0
53,142732,49231,1,1,5,1,0
52,132153,30301,1,1,3,1,0
36,142926,27116,1,1,1,1,0
37,47935,42323,0,0,1,1,0
35,57641,19752,0,1,4,1,0
64,49711,33376,1,1,4,1,0
58,90342,17669,0,1,0,1,0
66,126896,33916,0,1,1,1,0
31,32182,14395,0,1,1,1,0
32,107833,21421,1,1,1,0,1
48,76276,27342,1,1,4,1,0
18,39541,5895,1,1,5,1,0
20,114457,12023,1,1,5,0,1
33,102310,11699,1,1,3,1,0
40,64813,10715,1,1,5,1,0
28,57198,20169,0,1,2,1,0
29,28820,17163,1,1,4,1,0
27,44070,6782,1,0,1,1,0
49,89768,23641,1,1,5,1,0
33,31122,19792,1,1,4,1,0
25,100559,36585,1,1,5,1,0
55,93543,31682,0,1,0,1,0
29,103441,48864,1,1,1,1,0
41,61786,19880,1,1,0,1,0
45,114934,39067,1,1,1,1,0
25,119804,43685,1,1,4,1,0
45,26737,19073,1,1,3,1,0
53,56062,37035,0,1,5,0,0
43,74237,38174,1,1,5,1,0
25,71571,25837,0,0,2,1,0
67,45510,18826,1,0,0,0,0
45,39426,25981,1,1,5,1,0
45,57265,11382,1,0,4,1,0
54,37850,5437,1,1,3,1,0
58,138249,6435,1,1,4,1,0
53,86150,25819,0,1,0,1,0
44,107312,37875,1,1,2,1,0
34,109613,32982,0,1,5,0,0
26,94910,34328,1,1,4,1,0
50,72375,13329,0,1,1,1,0
37,141826,26169,0,1,3,1,0
30,55435,22932,1,0,4,1,0
45,116443,35594,0,1,3,1,0
65,77132,12421,1,0,5,1,0
46,98945,46033,1,1,1,1,0
30,102050,8629,0,1,2,1,0
63,149828,9325,1,0,2,1,0
52,115402,29495,0,1,1,1,0
23,22983,32750,0,1,3,1,0
35,117241,30619,1,1,5,1,0
68,40662,41461,0,1,4,1,0
22,43510,9264,1,1,1,1,0
64,98187,13686,0,0,0,1,0
42,60998,47484,0,1,3,1,0
19,76846,25226,1,1,2,1,0
27,114071,7721,1,1,1,1,0
47,26640,21609,0,0,2,1,0
67,64547,8373,1,1,3,1,0
62,74620,39675,0,1,2,1,0
22,35317,49895,1,1,1,1,0
50,135608,29937,1,0,3,1,0
18,27564,6656,1,1,0,0,0
35,47345,9984,1,1,1,0,1
49,133824,30984,1,1,4,1,0
64,114223,9286,1,1,5,1,0
66,143372,6901,1,1,1,1,0
28,99273,32552,1,1,3,0,0
38,94859,26709,0,0,5,0,0
43,100765,32055,1,1,1,1,0
42,130017,38685,1,1,0,1,0
39,94038,9429,1,1,0,1,0
44,143618,15716,1,1,4,1,0
66,72393,49563,1,0,2,1,0
30,86081,12138,0,1,5,0,0
50,145341,36298,0,1,3,1,0
51,122650,24429,1,0,3,0,0
58,49430,6772,1,1,2,1,0
52,95532,49244,1,1,0,1,0
18,47788,49519,1,0,0,1,0
38,115505,36732,1,1,1,1,0
65,68543,40905,1,1,4,1,0
23,33919,18347,0,1,5,1,0
45,89346,17920,0,1,4,1,0
34,116122,32822,1,1,4,1,0
22,59974,47659,1,1,1,1,0
48,127309,41108,0,1,4,1,0
22,36371,24563,1,0,2,1,0
55,65084,8967,1,1,1,1,0
20,49629,46183,1,1,2,1,0
40,71184,12871,1,1,1,1,0
54,81916,29763,1,1,4,1,0
54,147293,12916,0,1,2,1,0
27,93972,9734,1,1,2,1,0
27,82187,34613,1,1,2,1,0
36,32984,29179,0,0,1,1,0
34,53039,36262,1,0,3,1,0
38,105431,13677,1,1,4,1,0
31,103691,19268,1,1,2,1,0
26,78606,13330,1,1,5,0,1
63,30616,21733,0,1,3,1,0
18,122665,38947,1,1,5,0,0
68,125373,28286,1,1,4,1,0
62,70072,7610,1,1,4,1,0
30,44574,7430,0,0,2,1,0
21,23430,40922,1,0,2,1,0
18,139123,14828,1,1,1,1,0
66,32676,43913,0,1,3,0,0
57,30816,32497,0,1,3,1,0
49,52733,40256,1,0,2,1,0
51,105680,37618,1,0,4,1,0
45,22050,47332,1,1,2,1,0
48,129996,27526,1,1,4,1,0
25,53933,31158,1,0,4,1,0
56,44951,26032,1,1,2,0,1
43,52413,38846,0,0,0,1,0
51,54801,45936,1,1,3,1,0
20,75619,30794,0,1,5,0,0
67,52913,6448,1,0,4,1,0
29,132573,29861,0,1,4,1,0
18,139076,29141,0,1,0,1,0
61,60600,10074,1,1,5,0,1
22,77775,7406,0,1,1,1,0
47,110816,32823,1,0,0,1,0
47,149972,24291,0,1,5,1,0
34,110093,42568,1,1,0,1,0
65,132590,33003,1,1,4,1,0
64,55400,47851,0,1,3,1,0
40,24494,35406,0,1,0,1,0
32,100688,24312,1,1,1,1,0
54,142744,44108,1,0,2,1,0
38,109431,2382,1,0,5,1,0
31,94691,35171,1,1,0,1,0
19,117419,42779,1,1,0,1,0
28,128730,4292,0,1,1,1,0
68,63001,42779,1,1,3,1,0
56,87364,34187,1,1,0,1,0
55,144988,13411,1,0,0,1,0
51,65028,38285,1,1,3,1,0
55,127434,16422,1,1,1,1,0
67,117659,43468,1,1,5,1,0
51,57573,33371,1,1,5,1,0
35,20806,6693,1,1,0,1,0
47,144343,34535,1,1,3,1,0
32,76638,15818,0,1,0,1,0
44,148301,32238,0,1,2,1,0
68,146295,31874,1,1,5,1,0
51,126506,27715,1,1,4,1,0
69,49757,28605,0,1,2,1,0
55,54636,35317,0,1,0,1,0
50,100097,32174,0,1,1,1,0
41,68280,10956,0,1,5,1,0
32,44262,39908,1,0,4,1,0
47,100435,11837,1,1,2,1,0
59,82211,4716,1,1,5,1,0
68,74842,5481,1,1,3,1,0
34,148583,25282,0,1,1,1,0
22,76979,7548,0,1,2,1,0
46,134524,38605,1,1,3,0,0
21,101470,8758,1,0,0,1,0
27,58197,44668,1,1,3,1,0
34,61844,24177,0,1,2,1,0
27,84754,25022,1,1,2,1,0
34,121868,41761,1,1,0,1,0
37,54157,6542,1,1,3,1,0
41,97129,26476,1,0,3,1,0
22,60042,31784,1,1,0,1,0
51,81665,23740,1,1,3,1,0
23,135512,25817,0,0,5,1,0
19,136953,48596,0,0,0,1,0
30,102856,17052,0,0,1,1,0
60,47376,36153,1,1,2,0,0
60,129049,48076,1,0,1,1,0
65,75554,1671,1,1,5,1,0
28,34199,1163,0,1,5,1,0
68,138533,42424,1,1,4,1,0
64,101412,45002,1,1,4,1,0
40,70948,5795,1,1,4,1,0
33,93781,11634,1,1,0,1,0
48,92750,5798,1,1,3,1,0
28,86262,23420,1,1,5,1,0
33,137424,30300,0,1,1,1,0
25,66600,25345,1,1,1,1,0
21,96898,11749,0,1,1,1,0
57,82483,39595,0,1,1,1,0
21,38297,26121,0,0,4,1,0
42,50448,38487,1,0,1,1,0
20,46172,29411,1,1,3,1,0
49,62874,34361,1,1,4,0,0
20,27657,22223,0,1,1,0,0
44,104386,8394,1,1,0,1,0
46,145617,15056,1,1,2,1,0
49,45425,29380,1,1,2,1,0
67,46685,27035,1,1,2,1,0
68,142000,31620,0,1,4,1,0
36,132855,20877,1,1,1,1,0
38,44578,44404,1,1,5,1,0
22,48831,31911,0,0,5,1,0
35,27906,33784,1,0,5,1,0
45,81413,4191,1,1,4,1,0
59,74028,34160,1,1,3,1,0
39,27287,26000,0,1,0,1,0
38,53660,40040,0,0,0,1,0
23,95758,4631,0,1,2,1,0
18,80504,7172,1,1,2,1,0
22,79720,43080,1,1,5,1,0
58,122979,24561,0,1,5,0,0
29,54701,25817,1,1,2,1,0
43,103300,21281,1,1,1,0,1
63,130177,29671,0,1,3,1,0
51,37674,26364,1,0,3,1,0
66,103560,42674,1,0,3,1,0
31,131543,28425,0,1,3,1,0
43,43874,29602,0,1,2,0,0
62,63642,24253,1,1,0,1,0
44,143867,24472,1,1,2,1,0
26,117820,9080,1,1,3,1,0
43,85160,8099,1,1,2,1,0
64,37602,26431,0,1,3,1,0
39,123320,32186,0,1,4,0,0
64,108801,48684,1,1,5,1,0
47,45931,31111,0,1,0,1,0
60,114377,40851,0,1,4,1,0
65,49192,23614,1,1,1,1,0
34,66542,27724,1,0,2,1,0
43,147015,42991,1,1,1,1,0
53,62520,5940,1,1,2,1,0
18,84772,29758,0,0,5,1,0
25,78762,37224,1,1,4,1,0
66,70106,8788,0,1,5,1,0
52,101121,29082,1,0,3,1,0
69,45559,25034,1,1,5,1,0
32,125595,36479,1,1,5,1,0
64,53742,12280,1,0,3,1,0
39,89669,19052,1,1,2,1,0
31,100199,17531,0,1,3,1,0
43,41754,23804,1,0,4,1,0
45,23972,29903,1,1,5,0,0
40,90831,45857,0,1,3,1,0
31,132217,11142,1,0,5,1,0
41,61873,49355,1,0,4,1,0
19,114661,10866,0,1,1,1,0
62,126532,5531,1,1,4,1,0
43,146267,46454,1,1,0,1,0
31,29903,39098,1,1,0,1,0
68,23020,39278,1,1,0,1,0
24,61755,29138,1,1,5,1,0
20,105956,28065,1,1,2,0,1
64,106988,30956,1,1,2,1,0
40,65648,42732,0,1,2,0,0
63,123537,40261,1,0,5,1,0
60,145991,11759,1,0,4,1,0
64,29516,6439,0,1,2,1,0
62,132863,48241,1,1,1,1,0
35,135005,43533,1,1,0,1,0
55,22396,29270,0,1,4,1,0
